timestamp,problem_id,temperature,num_samples,verified,difficulty
2025-03-18T03:01:15.987089,abc352_a,0.7,1,TRUE,Difficulty.EASY
2025-03-18T03:01:15.987209,abc352_a,0.9,1,TRUE,Difficulty.EASY
2025-03-18T03:01:17.554019,abc352_a,0.5,1,TRUE,Difficulty.EASY
2025-03-18T03:01:31.181549,abc352_a,0.1,1,TRUE,Difficulty.EASY
2025-03-18T03:01:32.441245,abc352_a,0.3,1,TRUE,Difficulty.EASY
2025-03-18T03:03:04.468284,abc352_b,0.3,1,TRUE,Difficulty.EASY
2025-03-18T03:03:06.363161,abc352_b,0.1,1,TRUE,Difficulty.EASY
2025-03-18T03:03:07.476597,abc352_b,0.7,1,TRUE,Difficulty.EASY
2025-03-18T03:03:20.410349,abc352_b,0.9,1,TRUE,Difficulty.EASY
2025-03-18T03:03:23.767817,abc352_b,0.5,1,TRUE,Difficulty.EASY
2025-03-18T03:04:56.567303,abc353_b,0.7,1,FALSE,Difficulty.EASY
2025-03-18T03:05:06.572824,abc353_b,0.1,1,TRUE,Difficulty.EASY
2025-03-18T03:05:08.625325,abc353_b,0.3,1,TRUE,Difficulty.EASY
2025-03-18T03:05:09.797455,abc353_b,0.5,1,TRUE,Difficulty.EASY
2025-03-18T03:05:19.860134,abc353_b,0.9,1,FALSE,Difficulty.EASY
2025-03-18T03:06:36.170231,abc353_a,0.1,1,TRUE,Difficulty.EASY
2025-03-18T03:06:40.248179,abc353_a,0.9,1,TRUE,Difficulty.EASY
2025-03-18T03:06:42.575667,abc353_a,0.5,1,TRUE,Difficulty.EASY
2025-03-18T03:06:42.861548,abc353_a,0.7,1,FALSE,Difficulty.EASY
2025-03-18T03:06:46.606033,abc353_a,0.3,1,TRUE,Difficulty.EASY
2025-03-18T03:07:59.980832,abc354_b,0.5,1,FALSE,Difficulty.EASY
2025-03-18T03:08:01.416677,abc354_b,0.1,1,TRUE,Difficulty.EASY
2025-03-18T03:08:03.695921,abc354_b,0.7,1,FALSE,Difficulty.EASY
2025-03-18T03:08:04.093371,abc354_b,0.3,1,TRUE,Difficulty.EASY
2025-03-18T03:08:24.181291,abc354_b,0.9,1,TRUE,Difficulty.EASY
2025-03-18T03:09:37.702786,abc354_a,0.9,1,FALSE,Difficulty.EASY
2025-03-18T03:09:45.375807,abc354_a,0.3,1,TRUE,Difficulty.EASY
2025-03-18T03:09:53.108541,abc354_a,0.1,1,TRUE,Difficulty.EASY
2025-03-18T03:09:55.311464,abc354_a,0.7,1,TRUE,Difficulty.EASY
2025-03-18T03:10:03.399110,abc354_a,0.5,1,TRUE,Difficulty.EASY
2025-03-18T03:11:29.207864,abc355_b,0.5,1,TRUE,Difficulty.EASY
2025-03-18T03:11:34.502404,abc355_b,0.1,1,FALSE,Difficulty.EASY
2025-03-18T03:11:36.747428,abc355_b,0.9,1,FALSE,Difficulty.EASY
2025-03-18T03:11:41.359066,abc355_b,0.7,1,FALSE,Difficulty.EASY
2025-03-18T03:11:42.003878,abc355_b,0.3,1,FALSE,Difficulty.EASY
2025-03-18T03:12:55.572954,abc355_a,0.9,1,TRUE,Difficulty.EASY
2025-03-18T03:13:02.628857,abc355_a,0.7,1,TRUE,Difficulty.EASY
2025-03-18T03:13:03.345693,abc355_a,0.3,1,TRUE,Difficulty.EASY
2025-03-18T03:13:04.608645,abc355_a,0.1,1,TRUE,Difficulty.EASY
2025-03-18T03:13:09.695407,abc355_a,0.5,1,TRUE,Difficulty.EASY
2025-03-18T03:14:23.604601,3396,0.1,1,TRUE,Difficulty.EASY
2025-03-18T03:14:25.841872,3396,0.5,1,TRUE,Difficulty.EASY
2025-03-18T03:14:32.954005,3396,0.7,1,TRUE,Difficulty.EASY
2025-03-18T03:14:33.542621,3396,0.9,1,TRUE,Difficulty.EASY
2025-03-18T03:14:39.834822,3396,0.3,1,TRUE,Difficulty.EASY
2025-03-18T03:15:34.793607,3412,0.1,1,TRUE,Difficulty.EASY
2025-03-18T03:15:53.447983,3412,0.3,1,TRUE,Difficulty.EASY
2025-03-18T03:15:58.632472,3412,0.7,1,TRUE,Difficulty.EASY
2025-03-18T03:16:05.996817,3412,0.9,1,FALSE,Difficulty.EASY
2025-03-18T03:16:07.928502,3412,0.5,1,TRUE,Difficulty.EASY
2025-03-18T03:17:15.234841,3429,0.5,1,TRUE,Difficulty.EASY
2025-03-18T03:17:16.140335,3429,0.9,1,TRUE,Difficulty.EASY
2025-03-18T03:17:16.153756,3429,0.7,1,TRUE,Difficulty.EASY
2025-03-18T03:17:18.879898,3429,0.1,1,TRUE,Difficulty.EASY
2025-03-18T03:17:27.513428,3429,0.3,1,TRUE,Difficulty.EASY
2025-03-18T03:18:20.712495,3446,0.5,1,TRUE,Difficulty.EASY
2025-03-18T03:18:31.288424,3446,0.1,1,TRUE,Difficulty.EASY
2025-03-18T03:18:38.983736,3446,0.3,1,TRUE,Difficulty.EASY
2025-03-18T03:18:40.579428,3446,0.9,1,TRUE,Difficulty.EASY
2025-03-18T03:18:45.454672,3446,0.7,1,TRUE,Difficulty.EASY
2025-03-18T03:19:52.324071,3428,0.1,1,TRUE,Difficulty.EASY
2025-03-18T03:19:59.858468,3428,0.3,1,TRUE,Difficulty.EASY
2025-03-18T03:20:01.263258,3428,0.5,1,TRUE,Difficulty.EASY
2025-03-18T03:20:09.913049,3428,0.7,1,TRUE,Difficulty.EASY
2025-03-18T03:20:10.824670,3428,0.9,1,TRUE,Difficulty.EASY
2025-03-18T03:21:31.307928,abc356_a,0.3,1,TRUE,Difficulty.EASY
2025-03-18T03:21:36.589353,abc356_a,0.1,1,TRUE,Difficulty.EASY
2025-03-18T03:21:37.280027,abc356_a,0.7,1,TRUE,Difficulty.EASY
2025-03-18T03:21:38.713868,abc356_a,0.5,1,TRUE,Difficulty.EASY
2025-03-18T03:21:40.821651,abc356_a,0.9,1,TRUE,Difficulty.EASY
2025-03-18T03:23:00.805775,abc356_b,0.5,1,TRUE,Difficulty.EASY
2025-03-18T03:23:07.612412,abc356_b,0.1,1,TRUE,Difficulty.EASY
2025-03-18T03:23:11.079183,abc356_b,0.7,1,TRUE,Difficulty.EASY
2025-03-18T03:23:18.647422,abc356_b,0.9,1,TRUE,Difficulty.EASY
2025-03-18T03:23:31.690029,abc356_b,0.3,1,TRUE,Difficulty.EASY
2025-03-18T03:24:33.012459,abc357_a,0.3,1,FALSE,Difficulty.EASY
2025-03-18T03:24:42.213736,abc357_a,0.9,1,TRUE,Difficulty.EASY
2025-03-18T03:24:43.367203,abc357_a,0.1,1,TRUE,Difficulty.EASY
2025-03-18T03:24:44.369991,abc357_a,0.7,1,TRUE,Difficulty.EASY
2025-03-18T03:24:45.795457,abc357_a,0.5,1,TRUE,Difficulty.EASY
2025-03-18T03:25:44.886917,abc357_b,0.5,1,FALSE,Difficulty.EASY
2025-03-18T03:25:48.948196,abc357_b,0.9,1,TRUE,Difficulty.EASY
2025-03-18T03:25:50.439322,abc357_b,0.1,1,FALSE,Difficulty.EASY
2025-03-18T03:25:58.341774,abc357_b,0.7,1,TRUE,Difficulty.EASY
2025-03-18T03:26:20.187014,abc357_b,0.3,1,TRUE,Difficulty.EASY
2025-03-18T03:27:29.222222,abc358_b,0.3,1,TRUE,Difficulty.EASY
2025-03-18T03:27:33.067780,abc358_b,0.5,1,TRUE,Difficulty.EASY
2025-03-18T03:27:36.880783,abc358_b,0.7,1,TRUE,Difficulty.EASY
2025-03-18T03:27:37.461403,abc358_b,0.1,1,TRUE,Difficulty.EASY
2025-03-18T03:27:47.171955,abc358_b,0.9,1,TRUE,Difficulty.EASY
2025-03-18T03:28:39.030919,abc358_a,0.5,1,TRUE,Difficulty.EASY
2025-03-18T03:28:42.180666,abc358_a,0.1,1,TRUE,Difficulty.EASY
2025-03-18T03:28:42.768815,abc358_a,0.3,1,TRUE,Difficulty.EASY
2025-03-18T03:28:44.432841,abc358_a,0.7,1,TRUE,Difficulty.EASY
2025-03-18T03:28:44.437734,abc358_a,0.9,1,TRUE,Difficulty.EASY
2025-03-18T03:30:01.509173,abc359_b,0.9,1,TRUE,Difficulty.EASY
2025-03-18T03:30:02.507819,abc359_b,0.7,1,TRUE,Difficulty.EASY
2025-03-18T03:30:07.419725,abc359_b,0.3,1,TRUE,Difficulty.EASY
2025-03-18T03:30:10.965012,abc359_b,0.5,1,TRUE,Difficulty.EASY
2025-03-18T03:30:16.167396,abc359_b,0.1,1,TRUE,Difficulty.EASY
2025-03-18T03:31:22.395378,abc359_a,0.1,1,TRUE,Difficulty.EASY
2025-03-18T03:31:24.726249,abc359_a,0.3,1,TRUE,Difficulty.EASY
2025-03-18T03:31:32.342453,abc359_a,0.7,1,TRUE,Difficulty.EASY
2025-03-18T03:31:33.739375,abc359_a,0.5,1,TRUE,Difficulty.EASY
2025-03-18T03:31:35.851590,abc359_a,0.9,1,TRUE,Difficulty.EASY
2025-03-18T03:32:52.025909,abc360_b,0.7,1,TRUE,Difficulty.EASY
2025-03-18T03:32:55.411587,abc360_b,0.5,1,TRUE,Difficulty.EASY
2025-03-18T03:32:59.786306,abc360_b,0.3,1,TRUE,Difficulty.EASY
2025-03-18T03:33:03.364034,abc360_b,0.9,1,TRUE,Difficulty.EASY
2025-03-18T03:33:05.349653,abc360_b,0.1,1,TRUE,Difficulty.EASY
2025-03-18T03:34:01.959767,abc360_a,0.5,1,TRUE,Difficulty.EASY
2025-03-18T03:34:11.224724,abc360_a,0.9,1,TRUE,Difficulty.EASY
2025-03-18T03:34:13.275905,abc360_a,0.3,1,TRUE,Difficulty.EASY
2025-03-18T03:34:13.276011,abc360_a,0.1,1,TRUE,Difficulty.EASY
2025-03-18T03:34:23.136917,abc360_a,0.7,1,TRUE,Difficulty.EASY
2025-03-18T03:35:17.532596,abc361_a,0.3,1,TRUE,Difficulty.EASY
2025-03-18T03:35:27.948124,abc361_a,0.5,1,TRUE,Difficulty.EASY
2025-03-18T03:35:34.371677,abc361_a,0.1,1,TRUE,Difficulty.EASY
2025-03-18T03:35:37.014350,abc361_a,0.7,1,TRUE,Difficulty.EASY
2025-03-18T03:35:42.353024,abc361_a,0.9,1,TRUE,Difficulty.EASY
2025-03-18T03:36:58.841508,abc362_a,0.1,1,TRUE,Difficulty.EASY
2025-03-18T03:36:59.865175,abc362_a,0.7,1,TRUE,Difficulty.EASY
2025-03-18T03:36:59.865393,abc362_a,0.9,1,TRUE,Difficulty.EASY
2025-03-18T03:37:01.940868,abc362_a,0.5,1,TRUE,Difficulty.EASY
2025-03-18T03:37:03.401014,abc362_a,0.3,1,TRUE,Difficulty.EASY
2025-03-18T03:38:39.439702,abc362_b,0.3,1,TRUE,Difficulty.EASY
2025-03-18T03:38:39.824302,abc362_b,0.1,1,TRUE,Difficulty.EASY
2025-03-18T03:38:43.257655,abc362_b,0.7,1,TRUE,Difficulty.EASY
2025-03-18T03:38:50.385319,abc362_b,0.5,1,TRUE,Difficulty.EASY
2025-03-18T03:38:52.389533,abc362_b,0.9,1,TRUE,Difficulty.EASY
2025-03-18T03:40:04.621763,abc363_a,0.5,1,TRUE,Difficulty.EASY
2025-03-18T03:40:07.287117,abc363_a,0.9,1,TRUE,Difficulty.EASY
2025-03-18T03:40:12.433936,abc363_a,0.7,1,TRUE,Difficulty.EASY
2025-03-18T03:40:13.932367,abc363_a,0.1,1,TRUE,Difficulty.EASY
2025-03-18T03:40:15.433949,abc363_a,0.3,1,TRUE,Difficulty.EASY
2025-03-18T03:41:39.525036,abc363_b,0.1,1,TRUE,Difficulty.EASY
2025-03-18T03:41:42.704561,abc363_b,0.7,1,TRUE,Difficulty.EASY
2025-03-18T03:41:49.075286,abc363_b,0.5,1,TRUE,Difficulty.EASY
2025-03-18T03:41:50.230844,abc363_b,0.9,1,TRUE,Difficulty.EASY
2025-03-18T03:41:52.714232,abc363_b,0.3,1,TRUE,Difficulty.EASY
2025-03-18T03:43:18.014107,abc364_b,0.7,1,TRUE,Difficulty.EASY
2025-03-18T03:43:30.952790,abc364_b,0.1,1,TRUE,Difficulty.EASY
2025-03-18T03:43:30.953224,abc364_b,0.9,1,TRUE,Difficulty.EASY
2025-03-18T03:43:31.995678,abc364_b,0.5,1,TRUE,Difficulty.EASY
2025-03-18T03:43:32.987942,abc364_b,0.3,1,TRUE,Difficulty.EASY
2025-03-18T03:44:41.812473,abc364_a,0.3,1,FALSE,Difficulty.EASY
2025-03-18T03:44:44.016419,abc364_a,0.5,1,FALSE,Difficulty.EASY
2025-03-18T03:44:47.591112,abc364_a,0.1,1,FALSE,Difficulty.EASY
2025-03-18T03:44:49.105757,abc364_a,0.7,1,FALSE,Difficulty.EASY
2025-03-18T03:44:57.013378,abc364_a,0.9,1,FALSE,Difficulty.EASY
2025-03-18T03:46:29.630205,abc352_c,0.3,1,FALSE,Difficulty.MEDIUM
2025-03-18T03:46:31.729937,abc352_c,0.7,1,FALSE,Difficulty.MEDIUM
2025-03-18T03:46:31.737655,abc352_c,0.1,1,FALSE,Difficulty.MEDIUM
2025-03-18T03:46:33.643838,abc352_c,0.9,1,FALSE,Difficulty.MEDIUM
2025-03-18T03:46:34.197598,abc352_c,0.5,1,FALSE,Difficulty.MEDIUM
2025-03-18T03:48:01.955621,abc353_c,0.3,1,FALSE,Difficulty.MEDIUM
2025-03-18T03:48:02.444100,abc353_c,0.9,1,FALSE,Difficulty.MEDIUM
2025-03-18T03:48:06.337686,abc353_c,0.7,1,FALSE,Difficulty.MEDIUM
2025-03-18T03:48:09.588202,abc353_c,0.1,1,FALSE,Difficulty.MEDIUM
2025-03-18T03:48:18.873540,abc353_c,0.5,1,FALSE,Difficulty.MEDIUM
2025-03-18T03:49:52.221453,abc353_d,0.1,1,FALSE,Difficulty.MEDIUM
2025-03-18T03:50:00.561581,abc353_d,0.9,1,FALSE,Difficulty.MEDIUM
2025-03-18T03:50:02.706920,abc353_d,0.5,1,FALSE,Difficulty.MEDIUM
2025-03-18T03:50:19.091018,abc353_d,0.7,1,FALSE,Difficulty.MEDIUM
2025-03-18T03:51:00.491848,abc353_d,0.3,1,FALSE,Difficulty.MEDIUM
2025-03-18T03:52:15.884365,abc354_c,0.1,1,FALSE,Difficulty.MEDIUM
2025-03-18T03:52:22.107047,abc354_c,0.3,1,FALSE,Difficulty.MEDIUM
2025-03-18T03:52:42.932148,abc354_c,0.5,1,FALSE,Difficulty.MEDIUM
2025-03-18T03:52:44.640108,abc354_c,0.9,1,FALSE,Difficulty.MEDIUM
2025-03-18T03:52:46.551023,abc354_c,0.7,1,FALSE,Difficulty.MEDIUM
2025-03-18T03:54:47.761036,abc355_c,0.9,1,TRUE,Difficulty.MEDIUM
2025-03-18T03:55:53.660815,abc355_c,0.3,1,TRUE,Difficulty.MEDIUM
2025-03-18T03:56:04.756075,abc355_c,0.5,1,TRUE,Difficulty.MEDIUM
2025-03-18T03:56:16.119951,abc355_c,0.1,1,TRUE,Difficulty.MEDIUM
2025-03-18T03:56:17.065954,abc355_c,0.7,1,TRUE,Difficulty.MEDIUM
2025-03-18T03:57:49.038237,abc355_d,0.3,1,FALSE,Difficulty.MEDIUM
2025-03-18T03:57:53.647800,abc355_d,0.1,1,FALSE,Difficulty.MEDIUM
2025-03-18T03:57:59.591861,abc355_d,0.5,1,FALSE,Difficulty.MEDIUM
2025-03-18T03:58:02.128856,abc355_d,0.7,1,FALSE,Difficulty.MEDIUM
2025-03-18T03:58:09.432921,abc355_d,0.9,1,FALSE,Difficulty.MEDIUM
2025-03-18T03:59:24.457782,3384,0.1,1,FALSE,Difficulty.MEDIUM
2025-03-18T03:59:33.833093,3384,0.9,1,FALSE,Difficulty.MEDIUM
2025-03-18T03:59:35.601303,3384,0.7,1,FALSE,Difficulty.MEDIUM
2025-03-18T03:59:39.200866,3384,0.5,1,FALSE,Difficulty.MEDIUM
2025-03-18T03:59:42.771663,3384,0.3,1,FALSE,Difficulty.MEDIUM
2025-03-18T04:01:15.880863,3395,0.3,1,FALSE,Difficulty.MEDIUM
2025-03-18T04:01:16.108489,3395,0.1,1,FALSE,Difficulty.MEDIUM
2025-03-18T04:01:16.753353,3395,0.9,1,FALSE,Difficulty.MEDIUM
2025-03-18T04:01:19.199120,3395,0.5,1,FALSE,Difficulty.MEDIUM
2025-03-18T04:01:21.792982,3395,0.7,1,FALSE,Difficulty.MEDIUM
2025-03-18T04:03:00.862921,3383,0.9,1,FALSE,Difficulty.MEDIUM
2025-03-18T04:03:03.123911,3383,0.5,1,TRUE,Difficulty.MEDIUM
2025-03-18T04:03:04.327767,3383,0.1,1,FALSE,Difficulty.MEDIUM
2025-03-18T04:03:10.676069,3383,0.3,1,TRUE,Difficulty.MEDIUM
2025-03-18T04:03:16.274102,3383,0.7,1,TRUE,Difficulty.MEDIUM
2025-03-18T04:04:48.876471,3416,0.5,1,FALSE,Difficulty.MEDIUM
2025-03-18T04:04:53.516098,3416,0.7,1,FALSE,Difficulty.MEDIUM
2025-03-18T04:04:55.716330,3416,0.3,1,FALSE,Difficulty.MEDIUM
2025-03-18T04:04:56.649551,3416,0.9,1,FALSE,Difficulty.MEDIUM
2025-03-18T04:05:05.439873,3416,0.1,1,FALSE,Difficulty.MEDIUM
2025-03-18T04:06:34.432712,3451,0.5,1,TRUE,Difficulty.MEDIUM
2025-03-18T04:06:36.700157,3451,0.3,1,TRUE,Difficulty.MEDIUM
2025-03-18T04:06:43.537938,3451,0.9,1,TRUE,Difficulty.MEDIUM
2025-03-18T04:06:47.092272,3451,0.1,1,TRUE,Difficulty.MEDIUM
2025-03-18T04:06:53.788420,3451,0.7,1,FALSE,Difficulty.MEDIUM
2025-03-18T04:08:09.192011,3403,0.5,1,FALSE,Difficulty.MEDIUM
2025-03-18T04:08:11.024319,3403,0.3,1,FALSE,Difficulty.MEDIUM
2025-03-18T04:08:20.594992,3403,0.7,1,FALSE,Difficulty.MEDIUM
2025-03-18T04:08:20.725427,3403,0.9,1,FALSE,Difficulty.MEDIUM
2025-03-18T04:08:26.136074,3403,0.1,1,FALSE,Difficulty.MEDIUM
2025-03-18T04:09:42.777624,3420,0.9,1,TRUE,Difficulty.MEDIUM
2025-03-18T04:09:46.686975,3420,0.7,1,TRUE,Difficulty.MEDIUM
2025-03-18T04:09:49.215514,3420,0.3,1,TRUE,Difficulty.MEDIUM
2025-03-18T04:09:58.020408,3420,0.5,1,TRUE,Difficulty.MEDIUM
2025-03-18T04:10:02.988995,3420,0.1,1,TRUE,Difficulty.MEDIUM
2025-03-18T04:11:42.982831,abc356_d,0.5,1,TRUE,Difficulty.MEDIUM
2025-03-18T04:11:50.469701,abc356_d,0.1,1,TRUE,Difficulty.MEDIUM
2025-03-18T04:11:54.742277,abc356_d,0.3,1,TRUE,Difficulty.MEDIUM
2025-03-18T04:11:54.848164,abc356_d,0.9,1,TRUE,Difficulty.MEDIUM
2025-03-18T04:12:08.358386,abc356_d,0.7,1,TRUE,Difficulty.MEDIUM
2025-03-18T04:14:08.089981,abc356_c,0.3,1,FALSE,Difficulty.MEDIUM
2025-03-18T04:14:23.830002,abc356_c,0.9,1,TRUE,Difficulty.MEDIUM
2025-03-18T04:14:30.185156,abc356_c,0.1,1,FALSE,Difficulty.MEDIUM
2025-03-18T04:14:37.257273,abc356_c,0.5,1,TRUE,Difficulty.MEDIUM
2025-03-18T04:14:38.827574,abc356_c,0.7,1,TRUE,Difficulty.MEDIUM
2025-03-18T04:16:10.432818,abc357_c,0.3,1,TRUE,Difficulty.MEDIUM
2025-03-18T04:16:11.093912,abc357_c,0.1,1,TRUE,Difficulty.MEDIUM
2025-03-18T04:16:11.095649,abc357_c,0.9,1,FALSE,Difficulty.MEDIUM
2025-03-18T04:16:17.575631,abc357_c,0.7,1,TRUE,Difficulty.MEDIUM
2025-03-18T04:16:31.477262,abc357_c,0.5,1,TRUE,Difficulty.MEDIUM
2025-03-18T04:18:15.830461,abc357_d,0.7,1,TRUE,Difficulty.MEDIUM
2025-03-18T04:18:24.998740,abc357_d,0.5,1,TRUE,Difficulty.MEDIUM
2025-03-18T04:18:30.729388,abc357_d,0.1,1,TRUE,Difficulty.MEDIUM
2025-03-18T04:18:31.198676,abc357_d,0.3,1,TRUE,Difficulty.MEDIUM
2025-03-18T04:18:56.892316,abc357_d,0.9,1,FALSE,Difficulty.MEDIUM
2025-03-18T04:20:35.805544,abc358_c,0.3,1,TRUE,Difficulty.MEDIUM
2025-03-18T04:20:43.408418,abc358_c,0.1,1,TRUE,Difficulty.MEDIUM
2025-03-18T04:20:47.215159,abc358_c,0.9,1,TRUE,Difficulty.MEDIUM
2025-03-18T04:20:53.106439,abc358_c,0.5,1,TRUE,Difficulty.MEDIUM
2025-03-18T04:20:53.106688,abc358_c,0.7,1,TRUE,Difficulty.MEDIUM
2025-03-18T04:22:55.452179,abc358_d,0.5,1,FALSE,Difficulty.MEDIUM
2025-03-18T04:22:58.562009,abc358_d,0.1,1,FALSE,Difficulty.MEDIUM
2025-03-18T04:23:02.743606,abc358_d,0.7,1,TRUE,Difficulty.MEDIUM
2025-03-18T04:23:20.901912,abc358_d,0.9,1,TRUE,Difficulty.MEDIUM
2025-03-18T04:23:29.402776,abc358_d,0.3,1,FALSE,Difficulty.MEDIUM
2025-03-18T04:24:51.439930,abc359_c,0.3,1,FALSE,Difficulty.MEDIUM
2025-03-18T04:24:59.079142,abc359_c,0.5,1,FALSE,Difficulty.MEDIUM
2025-03-18T04:24:59.659338,abc359_c,0.1,1,FALSE,Difficulty.MEDIUM
2025-03-18T04:25:04.703879,abc359_c,0.7,1,FALSE,Difficulty.MEDIUM
2025-03-18T04:25:16.948221,abc359_c,0.9,1,FALSE,Difficulty.MEDIUM
2025-03-18T04:27:12.156133,abc360_c,0.3,1,FALSE,Difficulty.MEDIUM
2025-03-18T04:27:24.424945,abc360_c,0.7,1,TRUE,Difficulty.MEDIUM
2025-03-18T04:27:29.328774,abc360_c,0.9,1,FALSE,Difficulty.MEDIUM
2025-03-18T04:27:32.549180,abc360_c,0.1,1,FALSE,Difficulty.MEDIUM
2025-03-18T04:27:42.534739,abc360_c,0.5,1,TRUE,Difficulty.MEDIUM
2025-03-18T04:29:34.331182,abc360_d,0.3,1,FALSE,Difficulty.MEDIUM
2025-03-18T04:29:36.263505,abc360_d,0.7,1,FALSE,Difficulty.MEDIUM
2025-03-18T04:29:36.295041,abc360_d,0.5,1,FALSE,Difficulty.MEDIUM
2025-03-18T04:29:38.164922,abc360_d,0.1,1,FALSE,Difficulty.MEDIUM
2025-03-18T04:29:43.526730,abc360_d,0.9,1,FALSE,Difficulty.MEDIUM
2025-03-18T04:31:17.649711,abc361_b,0.9,1,TRUE,Difficulty.MEDIUM
2025-03-18T04:31:31.181834,abc361_b,0.7,1,TRUE,Difficulty.MEDIUM
2025-03-18T04:31:33.099198,abc361_b,0.5,1,TRUE,Difficulty.MEDIUM
2025-03-18T04:31:43.284525,abc361_b,0.1,1,TRUE,Difficulty.MEDIUM
2025-03-18T04:31:50.076421,abc361_b,0.3,1,TRUE,Difficulty.MEDIUM
2025-03-18T04:33:21.303207,abc361_c,0.7,1,FALSE,Difficulty.MEDIUM
2025-03-18T04:33:30.386062,abc361_c,0.5,1,TRUE,Difficulty.MEDIUM
2025-03-18T04:33:33.644600,abc361_c,0.3,1,FALSE,Difficulty.MEDIUM
2025-03-18T04:33:39.358912,abc361_c,0.1,1,FALSE,Difficulty.MEDIUM
2025-03-18T04:33:45.714320,abc361_c,0.9,1,TRUE,Difficulty.MEDIUM
2025-03-18T04:35:24.530589,abc362_c,0.7,1,FALSE,Difficulty.MEDIUM
2025-03-18T04:35:39.936470,abc362_c,0.3,1,FALSE,Difficulty.MEDIUM
2025-03-18T04:35:39.984814,abc362_c,0.1,1,FALSE,Difficulty.MEDIUM
2025-03-18T04:35:39.985065,abc362_c,0.9,1,FALSE,Difficulty.MEDIUM
2025-03-18T04:35:47.390390,abc362_c,0.5,1,FALSE,Difficulty.MEDIUM
2025-03-18T04:38:29.489020,abc363_c,0.1,1,FALSE,Difficulty.MEDIUM
2025-03-18T04:38:30.335510,abc363_c,0.5,1,FALSE,Difficulty.MEDIUM
2025-03-18T04:38:38.908267,abc363_c,0.3,1,FALSE,Difficulty.MEDIUM
2025-03-18T04:39:06.308613,abc363_c,0.9,1,FALSE,Difficulty.MEDIUM
2025-03-18T04:39:07.302690,abc363_c,0.7,1,FALSE,Difficulty.MEDIUM
2025-03-18T04:40:42.616748,abc363_d,0.9,1,FALSE,Difficulty.MEDIUM
2025-03-18T04:40:44.753375,abc363_d,0.3,1,FALSE,Difficulty.MEDIUM
2025-03-18T04:40:44.888817,abc363_d,0.5,1,FALSE,Difficulty.MEDIUM
2025-03-18T04:40:55.520016,abc363_d,0.1,1,FALSE,Difficulty.MEDIUM
2025-03-18T04:40:56.984155,abc363_d,0.7,1,TRUE,Difficulty.MEDIUM
2025-03-18T04:42:48.174147,abc364_c,0.7,1,FALSE,Difficulty.MEDIUM
2025-03-18T04:42:49.680853,abc364_c,0.1,1,FALSE,Difficulty.MEDIUM
2025-03-18T04:42:50.946950,abc364_c,0.9,1,FALSE,Difficulty.MEDIUM
2025-03-18T04:42:52.267924,abc364_c,0.5,1,FALSE,Difficulty.MEDIUM
2025-03-18T04:43:04.520030,abc364_c,0.3,1,FALSE,Difficulty.MEDIUM
2025-03-18T04:44:43.134245,abc365_d,0.3,1,FALSE,Difficulty.MEDIUM
2025-03-18T04:44:44.160032,abc365_d,0.7,1,FALSE,Difficulty.MEDIUM
2025-03-18T04:44:52.924480,abc365_d,0.9,1,FALSE,Difficulty.MEDIUM
2025-03-18T04:44:53.547082,abc365_d,0.1,1,FALSE,Difficulty.MEDIUM
2025-03-18T04:44:59.088189,abc365_d,0.5,1,FALSE,Difficulty.MEDIUM
2025-03-18T04:47:38.905968,abc365_c,0.1,1,TRUE,Difficulty.MEDIUM
2025-03-18T04:47:42.826295,abc365_c,0.3,1,TRUE,Difficulty.MEDIUM
2025-03-18T04:47:53.276546,abc365_c,0.5,1,TRUE,Difficulty.MEDIUM
2025-03-18T04:47:54.830663,abc365_c,0.7,1,TRUE,Difficulty.MEDIUM
2025-03-18T04:48:07.361106,abc365_c,0.9,1,TRUE,Difficulty.MEDIUM
2025-03-18T04:50:03.217294,abc352_e,0.1,1,FALSE,Difficulty.HARD
2025-03-18T04:50:05.222616,abc352_e,0.5,1,FALSE,Difficulty.HARD
2025-03-18T04:50:07.909352,abc352_e,0.3,1,FALSE,Difficulty.HARD
2025-03-18T04:50:11.352245,abc352_e,0.7,1,FALSE,Difficulty.HARD
2025-03-18T04:50:15.055701,abc352_e,0.9,1,FALSE,Difficulty.HARD
2025-03-18T04:52:40.383615,abc352_d,0.7,1,FALSE,Difficulty.HARD
2025-03-18T04:52:51.540733,abc352_d,0.9,1,FALSE,Difficulty.HARD
2025-03-18T04:53:00.731473,abc352_d,0.5,1,FALSE,Difficulty.HARD
2025-03-18T04:53:00.805378,abc352_d,0.1,1,FALSE,Difficulty.HARD
2025-03-18T04:53:02.341105,abc352_d,0.3,1,FALSE,Difficulty.HARD
2025-03-18T04:54:33.555869,abc353_e,0.7,1,FALSE,Difficulty.HARD
2025-03-18T04:54:41.142047,abc353_e,0.5,1,FALSE,Difficulty.HARD
2025-03-18T04:54:41.188255,abc353_e,0.3,1,FALSE,Difficulty.HARD
2025-03-18T04:54:52.140554,abc353_e,0.9,1,FALSE,Difficulty.HARD
2025-03-18T04:54:55.520727,abc353_e,0.1,1,FALSE,Difficulty.HARD
2025-03-18T04:56:40.890606,abc354_e,0.5,1,TRUE,Difficulty.HARD
2025-03-18T04:56:46.785390,abc354_e,0.7,1,TRUE,Difficulty.HARD
2025-03-18T04:56:51.772915,abc354_e,0.1,1,TRUE,Difficulty.HARD
2025-03-18T04:56:53.317466,abc354_e,0.3,1,TRUE,Difficulty.HARD
2025-03-18T04:57:04.894923,abc354_e,0.9,1,TRUE,Difficulty.HARD
2025-03-18T04:58:35.477560,abc354_d,0.1,1,FALSE,Difficulty.HARD
2025-03-18T04:58:42.998852,abc354_d,0.7,1,FALSE,Difficulty.HARD
2025-03-18T04:58:46.526801,abc354_d,0.9,1,FALSE,Difficulty.HARD
2025-03-18T04:58:54.800617,abc354_d,0.3,1,FALSE,Difficulty.HARD
2025-03-18T04:58:57.115768,abc354_d,0.5,1,FALSE,Difficulty.HARD
2025-03-18T05:00:39.123796,abc355_e,0.5,1,FALSE,Difficulty.HARD
2025-03-18T05:00:47.033907,abc355_e,0.7,1,FALSE,Difficulty.HARD
2025-03-18T05:00:54.472852,abc355_e,0.9,1,FALSE,Difficulty.HARD
2025-03-18T05:01:01.636159,abc355_e,0.1,1,FALSE,Difficulty.HARD
2025-03-18T05:01:11.356455,abc355_e,0.3,1,FALSE,Difficulty.HARD
2025-03-18T05:02:48.811558,3402,0.5,1,FALSE,Difficulty.HARD
2025-03-18T05:02:52.649326,3402,0.1,1,FALSE,Difficulty.HARD
2025-03-18T05:02:53.358497,3402,0.9,1,FALSE,Difficulty.HARD
2025-03-18T05:03:01.086854,3402,0.3,1,FALSE,Difficulty.HARD
2025-03-18T05:03:08.010824,3402,0.7,1,FALSE,Difficulty.HARD
2025-03-18T05:04:54.271241,3414,0.7,1,FALSE,Difficulty.HARD
2025-03-18T05:05:07.962422,3414,0.1,1,FALSE,Difficulty.HARD
2025-03-18T05:05:13.242618,3414,0.5,1,FALSE,Difficulty.HARD
2025-03-18T05:05:15.074779,3414,0.3,1,FALSE,Difficulty.HARD
2025-03-18T05:06:07.760852,3414,0.9,1,FALSE,Difficulty.HARD
2025-03-18T05:08:30.234894,3423,0.3,1,FALSE,Difficulty.HARD
2025-03-18T05:08:34.073218,3423,0.1,1,FALSE,Difficulty.HARD
2025-03-18T05:08:39.369075,3423,0.7,1,FALSE,Difficulty.HARD
2025-03-18T05:08:39.381392,3423,0.9,1,FALSE,Difficulty.HARD
2025-03-18T05:08:44.129773,3423,0.5,1,FALSE,Difficulty.HARD
2025-03-18T05:10:06.529119,3411,0.3,1,FALSE,Difficulty.HARD
2025-03-18T05:10:07.661491,3411,0.5,1,FALSE,Difficulty.HARD
2025-03-18T05:10:09.655475,3411,0.1,1,FALSE,Difficulty.HARD
2025-03-18T05:10:20.070845,3411,0.9,1,FALSE,Difficulty.HARD
2025-03-18T05:10:57.850534,3411,0.7,1,FALSE,Difficulty.HARD
2025-03-18T05:13:01.397423,abc356_e,0.7,1,FALSE,Difficulty.HARD
2025-03-18T05:13:13.296262,abc356_e,0.9,1,FALSE,Difficulty.HARD
2025-03-18T05:13:29.764757,abc356_e,0.5,1,FALSE,Difficulty.HARD
2025-03-18T05:13:32.799439,abc356_e,0.3,1,FALSE,Difficulty.HARD
2025-03-18T05:13:48.748368,abc356_e,0.1,1,FALSE,Difficulty.HARD
2025-03-18T05:15:31.539485,abc357_e,0.5,1,FALSE,Difficulty.HARD
2025-03-18T05:15:47.599903,abc357_e,0.3,1,FALSE,Difficulty.HARD
2025-03-18T05:16:01.456214,abc357_e,0.7,1,FALSE,Difficulty.HARD
2025-03-18T05:16:03.377489,abc357_e,0.9,1,FALSE,Difficulty.HARD
2025-03-18T05:16:58.301103,abc357_e,0.1,1,FALSE,Difficulty.HARD
2025-03-18T05:18:35.677174,abc358_e,0.1,1,FALSE,Difficulty.HARD
2025-03-18T05:18:49.627727,abc358_e,0.3,1,FALSE,Difficulty.HARD
2025-03-18T05:19:02.134319,abc358_e,0.5,1,FALSE,Difficulty.HARD
2025-03-18T05:19:09.164101,abc358_e,0.9,1,FALSE,Difficulty.HARD
2025-03-18T05:19:32.713331,abc358_e,0.7,1,FALSE,Difficulty.HARD
2025-03-18T05:20:50.037321,abc359_e,0.3,1,FALSE,Difficulty.HARD
2025-03-18T05:21:14.359046,abc359_e,0.1,1,FALSE,Difficulty.HARD
2025-03-18T05:21:14.564948,abc359_e,0.5,1,FALSE,Difficulty.HARD
2025-03-18T05:21:24.259469,abc359_e,0.9,1,FALSE,Difficulty.HARD
2025-03-18T05:21:26.726655,abc359_e,0.7,1,FALSE,Difficulty.HARD
2025-03-18T05:23:59.777581,abc359_d,0.5,1,FALSE,Difficulty.HARD
2025-03-18T05:24:05.487132,abc359_d,0.3,1,FALSE,Difficulty.HARD
2025-03-18T05:24:09.807803,abc359_d,0.9,1,FALSE,Difficulty.HARD
2025-03-18T05:24:22.410306,abc359_d,0.7,1,FALSE,Difficulty.HARD
2025-03-18T05:24:53.731811,abc359_d,0.1,1,FALSE,Difficulty.HARD
2025-03-18T05:26:21.720173,abc360_e,0.1,1,FALSE,Difficulty.HARD
2025-03-18T05:26:31.946424,abc360_e,0.3,1,FALSE,Difficulty.HARD
2025-03-18T05:26:50.273743,abc360_e,0.7,1,FALSE,Difficulty.HARD
2025-03-18T05:26:51.945670,abc360_e,0.9,1,FALSE,Difficulty.HARD
2025-03-18T05:26:52.801529,abc360_e,0.5,1,FALSE,Difficulty.HARD
2025-03-18T05:28:56.649721,abc361_d,0.1,1,FALSE,Difficulty.HARD
2025-03-18T05:29:10.158033,abc361_d,0.5,1,FALSE,Difficulty.HARD
2025-03-18T05:29:10.192146,abc361_d,0.3,1,FALSE,Difficulty.HARD
2025-03-18T05:29:13.762262,abc361_d,0.9,1,FALSE,Difficulty.HARD
2025-03-18T05:29:15.654192,abc361_d,0.7,1,FALSE,Difficulty.HARD
2025-03-18T05:30:35.368463,abc361_f,0.1,1,FALSE,Difficulty.HARD
2025-03-18T05:30:46.524773,abc361_f,0.5,1,FALSE,Difficulty.HARD
2025-03-18T05:30:50.913778,abc361_f,0.7,1,FALSE,Difficulty.HARD
2025-03-18T05:30:57.645860,abc361_f,0.3,1,FALSE,Difficulty.HARD
2025-03-18T05:31:47.385210,abc361_f,0.9,1,FALSE,Difficulty.HARD
2025-03-18T05:32:58.959172,abc361_e,0.3,1,FALSE,Difficulty.HARD
2025-03-18T05:33:19.856337,abc361_e,0.9,1,FALSE,Difficulty.HARD
2025-03-18T05:33:21.317926,abc361_e,0.1,1,FALSE,Difficulty.HARD
2025-03-18T05:33:27.231447,abc361_e,0.5,1,FALSE,Difficulty.HARD
2025-03-18T05:33:30.762152,abc361_e,0.7,1,FALSE,Difficulty.HARD
2025-03-18T05:37:42.310613,abc362_d,0.1,1,TRUE,Difficulty.HARD
2025-03-18T05:37:50.792233,abc362_d,0.7,1,TRUE,Difficulty.HARD
2025-03-18T05:37:55.703520,abc362_d,0.5,1,TRUE,Difficulty.HARD
2025-03-18T05:37:59.926715,abc362_d,0.3,1,TRUE,Difficulty.HARD
2025-03-18T05:38:18.925693,abc362_d,0.9,1,TRUE,Difficulty.HARD
2025-03-18T05:40:22.076042,abc362_e,0.7,1,FALSE,Difficulty.HARD
2025-03-18T05:40:29.010283,abc362_e,0.5,1,FALSE,Difficulty.HARD
2025-03-18T05:40:30.561233,abc362_e,0.3,1,FALSE,Difficulty.HARD
2025-03-18T05:40:31.090400,abc362_e,0.9,1,FALSE,Difficulty.HARD
2025-03-18T05:40:41.842237,abc362_e,0.1,1,FALSE,Difficulty.HARD
2025-03-18T05:42:34.537645,abc363_f,0.5,1,FALSE,Difficulty.HARD
2025-03-18T05:42:38.291479,abc363_f,0.1,1,FALSE,Difficulty.HARD
2025-03-18T05:42:43.160252,abc363_f,0.7,1,FALSE,Difficulty.HARD
2025-03-18T05:42:44.139188,abc363_f,0.3,1,FALSE,Difficulty.HARD
2025-03-18T05:42:47.452222,abc363_f,0.9,1,FALSE,Difficulty.HARD
2025-03-18T05:44:28.654307,abc363_e,0.5,1,FALSE,Difficulty.HARD
2025-03-18T05:45:11.513708,abc363_e,0.1,1,FALSE,Difficulty.HARD
2025-03-18T05:45:21.996008,abc363_e,0.3,1,FALSE,Difficulty.HARD
2025-03-18T05:45:33.686209,abc363_e,0.7,1,FALSE,Difficulty.HARD
2025-03-18T05:46:36.356092,abc363_e,0.9,1,FALSE,Difficulty.HARD
2025-03-18T05:48:04.731310,abc364_e,0.5,1,FALSE,Difficulty.HARD
2025-03-18T05:48:17.624986,abc364_e,0.1,1,FALSE,Difficulty.HARD
2025-03-18T05:48:22.133062,abc364_e,0.7,1,FALSE,Difficulty.HARD
2025-03-18T05:48:31.408564,abc364_e,0.3,1,FALSE,Difficulty.HARD
2025-03-18T05:48:33.349291,abc364_e,0.9,1,FALSE,Difficulty.HARD
2025-03-18T05:50:49.341788,abc364_f,0.1,1,FALSE,Difficulty.HARD
2025-03-18T05:50:55.394267,abc364_f,0.5,1,FALSE,Difficulty.HARD
2025-03-18T05:50:56.543240,abc364_f,0.9,1,FALSE,Difficulty.HARD
2025-03-18T05:51:06.077231,abc364_f,0.3,1,FALSE,Difficulty.HARD
2025-03-18T05:52:12.532263,abc364_f,0.7,1,FALSE,Difficulty.HARD
2025-03-18T05:54:19.042476,abc364_d,0.7,1,FALSE,Difficulty.HARD
2025-03-18T05:54:30.825412,abc364_d,0.5,1,FALSE,Difficulty.HARD
2025-03-18T05:54:45.084730,abc364_d,0.1,1,FALSE,Difficulty.HARD
2025-03-18T05:54:45.581391,abc364_d,0.3,1,FALSE,Difficulty.HARD
2025-03-18T05:55:17.712633,abc364_d,0.9,1,FALSE,Difficulty.HARD
2025-03-18T05:57:00.594325,abc365_e,0.9,1,FALSE,Difficulty.HARD
2025-03-18T05:57:19.877100,abc365_e,0.5,1,FALSE,Difficulty.HARD
2025-03-18T05:57:31.537672,abc365_e,0.7,1,FALSE,Difficulty.HARD
2025-03-18T05:57:31.554793,abc365_e,0.3,1,FALSE,Difficulty.HARD
2025-03-18T05:57:38.827103,abc365_e,0.1,1,FALSE,Difficulty.HARD
2025-03-18T05:58:58.165879,3436,0.7,1,TRUE,Difficulty.HARD
2025-03-18T05:59:17.360172,3436,0.9,1,TRUE,Difficulty.HARD
2025-03-18T05:59:22.712831,3436,0.5,1,TRUE,Difficulty.HARD
2025-03-18T05:59:29.238122,3436,0.1,1,TRUE,Difficulty.HARD
2025-03-18T05:59:29.774871,3436,0.3,1,TRUE,Difficulty.HARD
2025-03-18T06:02:00.560936,3438,0.7,1,FALSE,Difficulty.HARD
2025-03-18T06:02:24.101206,3438,0.1,1,FALSE,Difficulty.HARD
2025-03-18T06:02:39.341657,3438,0.5,1,FALSE,Difficulty.HARD
2025-03-18T06:02:41.745311,3438,0.3,1,FALSE,Difficulty.HARD
2025-03-18T06:02:44.294387,3438,0.9,1,FALSE,Difficulty.HARD
2025-03-18T06:04:22.310135,3439,0.1,1,FALSE,Difficulty.HARD
2025-03-18T06:04:40.870543,3439,0.9,1,FALSE,Difficulty.HARD
2025-03-18T06:04:50.358498,3439,0.5,1,FALSE,Difficulty.HARD
2025-03-18T06:05:01.539027,3439,0.7,1,FALSE,Difficulty.HARD
2025-03-18T06:05:07.430167,3439,0.3,1,FALSE,Difficulty.HARD